Rank,Charity Name,Category,Website URL
1,Cancer Council Australia,Health & Medical,https://www.cancer.org.au
2,Royal Flying Doctor Service,Regional & Emergency Healthcare,https://www.rfds.org.au
3,Surf Life Saving Australia,Community Safety & Sport,https://www.sls.com.au
4,Lifeline Australia,Mental Health,https://www.lifeline.org.au
5,Heart Foundation Australia,Heart Health,https://www.heartfoundation.org.au
6,The Salvation Army Australia,Community & Emergency Relief,https://www.salvationarmy.org.au
7,Australian Red Cross,Disaster & Humanitarian Relief,https://www.redcross.org.au
8,St Vincent de Paul Society Australia,Homelessness & Welfare,https://www.vinnies.org.au
9,RSPCA Australia,Animal Welfare,https://www.rspca.org.au
10,Beyond Blue,Mental Health Awareness,https://www.beyondblue.org.au
11,The Smith Family,Education Support,https://www.thesmithfamily.com.au
12,Guide Dogs Australia,Disability Services,https://www.guidedogs.com.au
13,Make-A-Wish Australia,Children’s Health,https://www.makeawish.org.au
14,The Fred Hollows Foundation,Eye Health,https://www.hollows.org
15,Mission Australia,Housing & Welfare,https://www.missionaustralia.com.au
16,World Vision Australia,International Aid,https://www.worldvision.com.au
17,UNICEF Australia,Children & Health,https://www.unicef.org.au
18,Oxfam Australia,Humanitarian Aid,https://www.oxfam.org.au
19,Caritas Australia,International Aid,https://www.caritas.org.au
20,Barnardos Australia,Child Protection,https://www.barnardos.org.au
21,Movember Foundation,Men’s Health,https://au.movember.com
22,Black Dog Institute,Mental Health Research,https://www.blackdoginstitute.org.au
23,MS Australia,Neurological Health,https://www.msaustralia.org.au
24,Diabetes Australia,Health Support,https://www.diabetesaustralia.com.au
25,Cure Cancer Australia,Cancer Research,https://www.curecancer.com.au
26,CanTeen,Youth Cancer Support,https://www.canteen.org.au
27,Bush Heritage Australia,Environmental Protection,https://www.bushheritage.org.au
28,WWF Australia,Wildlife Conservation,https://www.wwf.org.au
29,Rural Aid,Farmer Support,https://www.ruralaid.org.au
30,Foodbank Australia,Hunger Relief,https://www.foodbank.org.au
31,Legacy Australia,Veterans Families,https://www.legacy.com.au
32,Variety Australia,Children with Disability,https://www.variety.org.au
33,Camp Quality,Kids with Cancer,https://www.campquality.org.au
34,Starlight Children's Foundation,Hospital Support,https://www.starlight.org.au
35,The Leukaemia Foundation,Blood Cancer,https://www.leukaemia.org.au
36,Kids Helpline,Youth Mental Health,https://www.kidshelpline.com.au
37,Autism Australia,Disability Support,https://www.autismaustralia.org.au
38,Cystic Fibrosis Australia,Medical Research,https://www.cysticfibrosisaustralia.org.au
39,HeartKids,Congenital Heart Disease,https://www.heartkids.org.au
40,Epilepsy Australia,Health Support,https://www.epilepsyaustralia.net
41,Beyond Zero Emissions,Climate Action,https://bze.org.au
42,Surf Aid,Remote Health,https://www.surfaid.org
43,Bear Cottage,Children’s Palliative Care,https://www.bearcottage.org.au
44,Guide Dogs NSW/ACT,Disability Support,https://www.guidedogsnswact.org.au
45,Vision Australia,Vision Services,https://www.visionaustralia.org
46,The Big Issue Australia,Homelessness Support,https://www.thebigissue.org.au
47,Orange Sky Laundry,Homelessness Support,https://orangesky.org.au
48,The Alannah & Madeline Foundation,Child Safety,https://www.amf.org.au
49,Peter MacCallum Cancer Foundation,Cancer Research,https://www.petermac.org
50,Surf Life Saving Queensland,Community Safety,https://www.lifesaving.com.au
51,The Children’s Hospital Foundation,Children’s Health,https://childrens.org.au
52,Guide Dogs Victoria,Disability Support,https://www.guidedogsvictoria.com.au
53,The Pyjama Foundation,Youth Support,https://thepyjamafoundation.com
54,Share the Dignity,Women’s Welfare,https://www.sharethedignity.org.au
55,Beyond Bank Community,Community Welfare,https://www.beyondbank.com.au
56,OzHarvest,Food Rescue,https://www.ozharvest.org
57,Smith Family Learning for Life,Education Support,https://www.thesmithfamily.com.au
58,Lifeline Direct,Mental Health,https://www.lifeline.org.au
59,Anglicare Australia,Community Services,https://anglicare.asn.au
60,The Brotherhood of St Laurence,Social Justice,https://www.bsl.org.au
